text,final agreed label,is_synthetic
"Ultimately, it's your call whether you want to continue smoking or explore quitting.",Emphasize Autonomy,True
"You're the expert on your own learning style, and only you can decide what approach works best.",Emphasize Autonomy,True
The choice of how you want your relationships to look is entirely up to you.,Emphasize Autonomy,True
"When it comes to your career path, you hold the steering wheel.",Emphasize Autonomy,True
"Your body, your choices about what you put into it.",Emphasize Autonomy,True
Only you can decide what role alcohol plays in your life going forward.,Emphasize Autonomy,True
The power to make these changes resides completely within you.,Emphasize Autonomy,True
It’s your life and your lungs; the decision about quitting is yours alone.,Emphasize Autonomy,True
You get to choose how you prioritize your assignments and study time.,Emphasize Autonomy,True
You are absolutely free to decide what kind of boundaries you set.,Emphasize Autonomy,True
The next step in your professional journey is entirely for you to determine.,Emphasize Autonomy,True
What you choose to eat today and tomorrow is always up to you.,Emphasize Autonomy,True
"Whether you cut back, stop, or continue, that choice belongs to you.",Emphasize Autonomy,True
Nobody can make this change for you; it's your personal journey.,Emphasize Autonomy,True
The timing and method for addressing your smoking are completely in your hands.,Emphasize Autonomy,True
You have the autonomy to shape your academic future however you see fit.,Emphasize Autonomy,True
"Ultimately, you decide who you allow into your inner circle and on what terms.",Emphasize Autonomy,True
You have the freedom to redefine what success looks like in your career.,Emphasize Autonomy,True
The decisions about your nutrition and physical activity are yours to make.,Emphasize Autonomy,True
Your relationship with alcohol is something only you can modify.,Emphasize Autonomy,True
The decision to make a change with your smoking habit is entirely yours.,Emphasize Autonomy,True
Only you can decide how you want to approach improving your study routine.,Emphasize Autonomy,True
You are the expert on your own relationships and what changes feel right for you.,Emphasize Autonomy,True
"Ultimately, your career path and the choices you make about it are in your hands.",Emphasize Autonomy,True
Whether and how you adjust your eating patterns is completely up to you.,Emphasize Autonomy,True
It's your choice alone to decide if and when you want to make a change regarding alcohol.,Emphasize Autonomy,True
No one can force you to change; that power lies solely within you.,Emphasize Autonomy,True
You're in the driver's seat when it comes to deciding your next steps.,Emphasize Autonomy,True
"This is your life, and you get to determine the direction you want it to take.",Emphasize Autonomy,True
"I'm here to support you, but the final decision about your path is always yours.",Emphasize Autonomy,True
You hold the key to deciding if and how you want to approach reducing your cigarette intake.,Emphasize Autonomy,True
What you choose to prioritize in your academic efforts is completely within your control.,Emphasize Autonomy,True
Setting boundaries in your relationships is a personal choice that you have every right to make.,Emphasize Autonomy,True
"You are the one who knows what feels right for your job situation, and your decisions are valid.",Emphasize Autonomy,True
You have complete autonomy over what you choose to put into your body.,Emphasize Autonomy,True
The pace and direction of any changes related to your drinking are entirely up to you.,Emphasize Autonomy,True
Only you can determine the effort you're willing to invest in making a change.,Emphasize Autonomy,True
"Remember, you always have the option to choose a different path if this one isn't working for you.",Emphasize Autonomy,True
Your agency in this process is paramount; you are the ultimate decision-maker.,Emphasize Autonomy,True
It's important to recognize that you possess the power to choose what's best for yourself.,Emphasize Autonomy,True
The decision of whether to change your eating habits or not rests entirely with you.,Emphasize Autonomy,True
You're the ultimate authority on what feels right for your own career path.,Emphasize Autonomy,True
"Ultimately, the choice to address your sleep patterns is yours alone to make.",Emphasize Autonomy,True
No one can force you to engage differently in your relationships; that power is within you.,Emphasize Autonomy,True
You get to decide if and when you're ready to explore cutting back on alcohol.,Emphasize Autonomy,True
How you choose to manage your time for studying is completely within your control.,Emphasize Autonomy,True
It's entirely up to you how you decide to respond to these challenging situations.,Emphasize Autonomy,True
You have the freedom to choose your own pace when it comes to making changes.,Emphasize Autonomy,True
The power to quit smoking or continue lies solely in your hands.,Emphasize Autonomy,True
You are in the driver's seat when it comes to setting your own personal boundaries.,Emphasize Autonomy,True
Only you can truly determine what kind of exercise routine works best for your body.,Emphasize Autonomy,True
The direction you take with your financial planning is completely your decision.,Emphasize Autonomy,True
You have the final say on whether to pursue that new job opportunity or not.,Emphasize Autonomy,True
"It's your life, and you are free to choose the people you want to spend it with.",Emphasize Autonomy,True
Whether you seek additional support for your mental well-being is a choice only you can make.,Emphasize Autonomy,True
"You are the expert on your own experiences, and you decide how to interpret them.",Emphasize Autonomy,True
The responsibility for making changes to your diet resides entirely with you.,Emphasize Autonomy,True
You are fully empowered to decide how you want to move forward from here.,Emphasize Autonomy,True
Your autonomy means you get to choose what's most important for you to focus on right now.,Emphasize Autonomy,True
"Ultimately, you are the one who determines the next step in your journey.",Emphasize Autonomy,True
"Ultimately, the decision to make a change here rests entirely with you.",Emphasize Autonomy,True
You are the one who gets to choose how you want to approach your studying this semester.,Emphasize Autonomy,True
No one can force you to quit smoking; that choice is always yours.,Emphasize Autonomy,True
It's completely up to you how you decide to manage your boundaries in this relationship.,Emphasize Autonomy,True
You have the freedom to decide what kind of work environment best suits you.,Emphasize Autonomy,True
"Your plate, your choice – you control what food goes into your body.",Emphasize Autonomy,True
You're in the driver's seat when it comes to deciding your path forward with alcohol.,Emphasize Autonomy,True
The power to take that first step towards self-care truly lies with you.,Emphasize Autonomy,True
You are fully capable of choosing how you want to respond to challenging situations.,Emphasize Autonomy,True
"It's your life, and you get to decide what steps, if any, you want to take next.",Emphasize Autonomy,True
Whether you engage in those conversations or not is completely within your control.,Emphasize Autonomy,True
You have the ultimate say in prioritizing your sleep and overall well-being.,Emphasize Autonomy,True
No one else can make the decision for you to pursue a different career path.,Emphasize Autonomy,True
It's up to you to explore what kind of physical activity feels right for your body.,Emphasize Autonomy,True
You are the sole architect of how you want your future to look.,Emphasize Autonomy,True
"The choice to seek out support, or not, is always yours to make.",Emphasize Autonomy,True
You get to determine the pace and direction of any changes you wish to make.,Emphasize Autonomy,True
It's within your power to choose how much energy you invest in that situation.,Emphasize Autonomy,True
Only you can decide when you're ready to let go of old habits.,Emphasize Autonomy,True
The decision to try a new approach to managing your stress is entirely yours.,Emphasize Autonomy,True
"Ultimately, the decision to quit smoking, or even just to cut back, rests entirely with you.",Emphasize Autonomy,True
You're the one who gets to decide what kind of learning environment best supports your studies.,Emphasize Autonomy,True
What changes you choose to make in your relationship communication is completely your call.,Emphasize Autonomy,True
"How you approach finding a new job, or improving your current one, is absolutely up to you.",Emphasize Autonomy,True
You get to choose which dietary changes feel sustainable and right for your lifestyle.,Emphasize Autonomy,True
Whether you decide to moderate your drinking or stop altogether is your personal choice.,Emphasize Autonomy,True
"The type of physical activity you engage in, and how often, is entirely within your control.",Emphasize Autonomy,True
You are the one who knows best what strategies will help you manage your stress effectively.,Emphasize Autonomy,True
You have the power to decide how you want to manage your financial future.,Emphasize Autonomy,True
Your journey of personal growth is yours to define and navigate.,Emphasize Autonomy,True
It's your right to choose the support and resources that align with your mental well-being goals.,Emphasize Autonomy,True
You are in charge of creating a sleep routine that feels beneficial and achievable for you.,Emphasize Autonomy,True
Setting boundaries in your relationships is a choice you get to make for yourself.,Emphasize Autonomy,True
You decide how to prioritize your time and energy to best serve your goals.,Emphasize Autonomy,True
How you choose to respond in difficult situations is always your prerogative.,Emphasize Autonomy,True
"The decision to start, continue, or discontinue medication is a collaborative one, but ultimately yours.",Emphasize Autonomy,True
You possess the power to choose which habits you want to cultivate or change.,Emphasize Autonomy,True
"Your vision for your future is yours to create and pursue, step by step.",Emphasize Autonomy,True
What health choices you make are ultimately based on what feels right for your body and mind.,Emphasize Autonomy,True
Only you can determine what truly replenishes you and constitutes effective self-care.,Emphasize Autonomy,True
Only you can ultimately decide if and when you're ready to cut back on smoking.,Emphasize Autonomy,True
The choice to explore different coping strategies is entirely yours.,Emphasize Autonomy,True
What you do with this information about your eating habits is completely up to you.,Emphasize Autonomy,True
You're in control of how you want to approach your next steps with your drinking.,Emphasize Autonomy,True
"It's your life, and you get to choose the kind of relationships you want in it.",Emphasize Autonomy,True
You have the freedom to choose your path forward in your career.,Emphasize Autonomy,True
Whether you decide to pursue further education is a personal decision for you to make.,Emphasize Autonomy,True
"Ultimately, the power to make changes to your daily routine rests with you.",Emphasize Autonomy,True
You are the expert on your own life and what feels right for you.,Emphasize Autonomy,True
No one can make these changes for you; that choice belongs to you alone.,Emphasize Autonomy,True
You hold the key to deciding which specific fitness activities you want to try.,Emphasize Autonomy,True
The decision to set new boundaries with your family is completely within your control.,Emphasize Autonomy,True
You have the ultimate say in how you choose to manage your study load.,Emphasize Autonomy,True
It's up to you to weigh the pros and cons and decide what's best.,Emphasize Autonomy,True
"Your journey towards better health is something you lead, not me.",Emphasize Autonomy,True
You get to decide if this job is truly serving your long-term goals.,Emphasize Autonomy,True
The power to change your perspective on this situation lies entirely with you.,Emphasize Autonomy,True
It's your choice whether you want to explore different ways to unwind without alcohol.,Emphasize Autonomy,True
You're the one who decides what kind of support feels right for you at this time.,Emphasize Autonomy,True
Only you can truly commit to building these new healthy eating habits.,Emphasize Autonomy,True
"Ultimately, the decision to make a change around your smoking is entirely yours.",Emphasize Autonomy,True
"You're the expert on your own body, and you'll know best what steps feel right for your diet.",Emphasize Autonomy,True
How you choose to navigate this relationship challenge is completely up to you.,Emphasize Autonomy,True
"No one can force you to study, only you can decide when and how to approach your coursework.",Emphasize Autonomy,True
"It's your life, and you hold the reins when it comes to deciding what role alcohol plays in it.",Emphasize Autonomy,True
You have the power to shape your career path in a way that truly aligns with your values.,Emphasize Autonomy,True
"My role is to support you, but the direction we take is always your choice.",Emphasize Autonomy,True
Only you can decide if and when you're ready to explore cutting back on cigarettes.,Emphasize Autonomy,True
"You get to choose what changes you want to try with your eating habits, big or small.",Emphasize Autonomy,True
You're in control of how you respond and what boundaries you set in your interactions.,Emphasize Autonomy,True
The commitment to improve your study habits is a choice only you can make.,Emphasize Autonomy,True
"What you do with your drinking is absolutely your decision, and I'm here to support whatever that is.",Emphasize Autonomy,True
You have the agency to seek out work environments that better suit your needs.,Emphasize Autonomy,True
"This is your journey, and you are the one steering the ship.",Emphasize Autonomy,True
"I can offer tools, but the willingness to put them into practice is entirely within your control.",Emphasize Autonomy,True
You're the one who defines what a healthy and sustainable approach to food looks like for you.,Emphasize Autonomy,True
You always have the freedom to decide how you want your relationships to look and feel.,Emphasize Autonomy,True
The power to unlock your academic potential rests solely with you.,Emphasize Autonomy,True
"Your path regarding alcohol consumption is yours to define, at your own pace.",Emphasize Autonomy,True
"Remember, every step forward, or even a pause, is a decision that only you can make for yourself.",Emphasize Autonomy,True
"The decision to quit smoking is entirely yours, whenever you feel ready.",Emphasize Autonomy,True
"Ultimately, you're the one who decides how to approach your studies and what priorities to set.",Emphasize Autonomy,True
Only you can decide what kind of relationships you want to build and maintain.,Emphasize Autonomy,True
Your career path is completely in your hands to shape as you see fit.,Emphasize Autonomy,True
You are in charge of what you choose to eat and how you manage your nutrition.,Emphasize Autonomy,True
Whether or not to cut back on drinking is a choice only you can make.,Emphasize Autonomy,True
You have the power to choose how you respond to the stressors in your life.,Emphasize Autonomy,True
The choices about your money are yours alone to make.,Emphasize Autonomy,True
Your journey of self-improvement is directed by you.,Emphasize Autonomy,True
It's completely up to you how you decide to incorporate physical activity.,Emphasize Autonomy,True
You decide what you're ready to share and how much.,Emphasize Autonomy,True
You're in control of the goals you set for yourself and how you pursue them.,Emphasize Autonomy,True
Your overall health management is ultimately your responsibility.,Emphasize Autonomy,True
Establishing boundaries with others is a decision you get to make for yourself.,Emphasize Autonomy,True
You decide the pace and depth of our work together.,Emphasize Autonomy,True
Whether or not to forgive is a personal choice only you can make.,Emphasize Autonomy,True
"Your daily choices shape your life, and you're the one making them.",Emphasize Autonomy,True
You choose how and when to express your feelings.,Emphasize Autonomy,True
"When you're truly ready to make a change, that's when it will happen.",Emphasize Autonomy,True
Prioritizing your well-being is a choice that only you can truly commit to.,Emphasize Autonomy,True
Only you can decide if and how you want to change your current situation.,Emphasize Autonomy,True
The choice to begin exercising more rests entirely in your hands.,Emphasize Autonomy,True
No one can force you to quit smoking; that decision is yours alone.,Emphasize Autonomy,True
You have the freedom to choose your own path when it comes to your career.,Emphasize Autonomy,True
"Ultimately, whether you decide to prioritize your studies is completely up to you.",Emphasize Autonomy,True
The power to change your relationship dynamics is something you hold yourself.,Emphasize Autonomy,True
You are the expert on your own life and what feels right for you.,Emphasize Autonomy,True
"It's your life, and you get to decide what you do with it.",Emphasize Autonomy,True
You are in control of how you respond to challenging situations.,Emphasize Autonomy,True
No one else can make the decision to eat healthier for you.,Emphasize Autonomy,True
The timing and pace of any change you make are completely yours to set.,Emphasize Autonomy,True
You are free to choose how you want to manage your stress.,Emphasize Autonomy,True
Only you can determine what boundaries you need to set in your relationships.,Emphasize Autonomy,True
The decision to reduce your alcohol intake belongs solely to you.,Emphasize Autonomy,True
Your thoughts and feelings are completely under your own direction.,Emphasize Autonomy,True
You have the right to choose how you spend your free time.,Emphasize Autonomy,True
What you decide to do next is entirely your prerogative.,Emphasize Autonomy,True
No one can define your personal values; that's your unique choice.,Emphasize Autonomy,True
You are the one who decides what kind of future you want to build.,Emphasize Autonomy,True
The power to accept or reject any advice lies completely with you.,Emphasize Autonomy,True
The choice to begin this journey truly belongs to you.,Emphasize Autonomy,True
"Ultimately, only you can decide what you’re willing to commit to.",Emphasize Autonomy,True
You are the expert on your own life and what you need.,Emphasize Autonomy,True
No one can make you change; that decision rests solely with you.,Emphasize Autonomy,True
It’s completely up to you how you respond to this challenge.,Emphasize Autonomy,True
You have the freedom to choose your own path forward here.,Emphasize Autonomy,True
The power to alter your eating habits lies entirely in your hands.,Emphasize Autonomy,True
You are in control of how you manage your study time.,Emphasize Autonomy,True
Deciding when to set boundaries with your family is your prerogative.,Emphasize Autonomy,True
You possess the agency to say 'no' to that extra drink tonight.,Emphasize Autonomy,True
"It's your career, and you get to decide if this job is still a fit.",Emphasize Autonomy,True
Whether you choose to prioritize exercise today is your call.,Emphasize Autonomy,True
You have the right to make your own financial decisions.,Emphasize Autonomy,True
"Your feelings are valid, and you decide how to express them safely.",Emphasize Autonomy,True
"This is your body, and you choose how to care for it.",Emphasize Autonomy,True
You are free to explore other ways of dealing with the pressure.,Emphasize Autonomy,True
It's up to you to define what success looks like in this situation.,Emphasize Autonomy,True
You are the one who determines how much effort you put into quitting smoking.,Emphasize Autonomy,True
Only you can truly decide what you want for your future.,Emphasize Autonomy,True
You have the power to protect your own mental well-being.,Emphasize Autonomy,True
The choice to begin exploring alternatives to smoking rests solely with you.,Emphasize Autonomy,True
"Ultimately, you're the one who decides what changes you're ready to make to your eating habits.",Emphasize Autonomy,True
Only you can determine the role alcohol plays in your life moving forward.,Emphasize Autonomy,True
You are completely free to decide how you wish to engage in your relationships.,Emphasize Autonomy,True
It's entirely within your power to chart a new course for your professional life.,Emphasize Autonomy,True
You have the freedom to adjust your study approach in whatever way feels right for you.,Emphasize Autonomy,True
Whether or not you integrate more physical activity is a decision only you can make.,Emphasize Autonomy,True
You hold the ultimate say in how you choose to manage your daily stressors.,Emphasize Autonomy,True
The path you take with your financial planning is entirely your own to define.,Emphasize Autonomy,True
You are the one who decides how and when you express your needs to others.,Emphasize Autonomy,True
The next steps in your job search are entirely up to you to determine.,Emphasize Autonomy,True
You have the full autonomy to choose your approach to resolving this conflict.,Emphasize Autonomy,True
Setting limits on your screen time is a personal choice that only you can enact.,Emphasize Autonomy,True
"Your personal goals are yours alone to set, pursue, or revise.",Emphasize Autonomy,True
You have complete control over designing a morning routine that works for you.,Emphasize Autonomy,True
Only you truly know what steps you are willing to take for your own well-being.,Emphasize Autonomy,True
You are free to decide the kind of social connections you want to cultivate.,Emphasize Autonomy,True
How you choose to respond to future challenges is entirely your decision.,Emphasize Autonomy,True
It's completely up to you whether you seek out additional resources or support.,Emphasize Autonomy,True
You are the sole architect of your own happiness and life direction.,Emphasize Autonomy,True
"Ultimately, the decision to make a change with your smoking is completely yours.",Emphasize Autonomy,True
No one can make you study more; that choice rests entirely with you.,Emphasize Autonomy,True
"You are the expert on your own life, and you know what feels right for your relationships.",Emphasize Autonomy,True
It's up to you to decide if this job environment is truly serving your goals.,Emphasize Autonomy,True
Only you can choose the path for your eating habits moving forward.,Emphasize Autonomy,True
The power to alter your relationship with alcohol lies within you.,Emphasize Autonomy,True
What steps you take next in your career are solely for you to determine.,Emphasize Autonomy,True
You hold the keys to how you want to approach your health and fitness.,Emphasize Autonomy,True
Deciding how to respond to this challenge is entirely within your control.,Emphasize Autonomy,True
Whether you decide to explore these options further is completely your call.,Emphasize Autonomy,True
You're in the driver's seat when it comes to figuring out your next move.,Emphasize Autonomy,True
The choice to initiate a conversation or not is fundamentally yours.,Emphasize Autonomy,True
You have the freedom to choose your priorities and how you allocate your energy.,Emphasize Autonomy,True
No one can force you to engage in therapy; it's always your choice to participate.,Emphasize Autonomy,True
It’s entirely your prerogative to set the pace for any changes you might consider.,Emphasize Autonomy,True
"You get to decide what steps, if any, you want to take towards your goals.",Emphasize Autonomy,True
The ultimate decision on how you want to manage your stress is in your hands.,Emphasize Autonomy,True
You are empowered to make the choices that align best with your values.,Emphasize Autonomy,True
It’s solely your call whether you want to continue with your current routine or try something new.,Emphasize Autonomy,True
"Remember, you have the final say in what changes you're willing to make, and when.",Emphasize Autonomy,True
"Ultimately, it's your choice whether and how you decide to cut back on smoking.",Emphasize Autonomy,True
"Only you can decide what changes, if any, you want to make to your eating habits.",Emphasize Autonomy,True
The decision to change your drinking patterns rests entirely with you.,Emphasize Autonomy,True
"Your academic path is yours to define, with or without these new study strategies.",Emphasize Autonomy,True
No one else can make the call about your career direction except for you.,Emphasize Autonomy,True
You hold the power to shape how your relationships evolve from here.,Emphasize Autonomy,True
The steps you take toward more physical activity are entirely up to you.,Emphasize Autonomy,True
Engaging with therapy or medication is a personal decision only you can make.,Emphasize Autonomy,True
It's your prerogative to choose which stress reduction techniques feel right for you.,Emphasize Autonomy,True
You are the ultimate decision-maker regarding your financial future.,Emphasize Autonomy,True
Setting boundaries in your social life is entirely within your control.,Emphasize Autonomy,True
What you choose to do about your drug use is completely in your hands.,Emphasize Autonomy,True
How you navigate your family dynamics is a path only you can forge.,Emphasize Autonomy,True
Your personal growth trajectory is yours to chart.,Emphasize Autonomy,True
You get to decide how you allocate your time and energy.,Emphasize Autonomy,True
Choosing to prioritize your sleep hygiene is a decision only you can make.,Emphasize Autonomy,True
The pursuit of new interests is entirely your domain.,Emphasize Autonomy,True
How you choose to respond to workplace challenges is your decision.,Emphasize Autonomy,True
Moving forward with this big life change is completely up to you.,Emphasize Autonomy,True
The choice to embark on learning this new skill is yours alone.,Emphasize Autonomy,True
"Ultimately, the decision about what comes next is entirely yours to make.",Emphasize Autonomy,True
Only you can decide if and when you're ready to make a change regarding your smoking habits.,Emphasize Autonomy,True
"You are the expert on your own life, and you get to choose your next academic or career steps.",Emphasize Autonomy,True
What you choose to do about this relationship is completely in your hands.,Emphasize Autonomy,True
The choices you make about your eating habits are yours and yours alone to determine.,Emphasize Autonomy,True
Whether you decide to cut back on drinking or not is a personal decision that only you can make.,Emphasize Autonomy,True
You have the full right to decide how you want to move forward from here.,Emphasize Autonomy,True
You're in charge of how you approach your work situation and what actions you take.,Emphasize Autonomy,True
"Your body, your choices; you decide what feels right for your health.",Emphasize Autonomy,True
Establishing boundaries is your prerogative; you get to choose what feels comfortable.,Emphasize Autonomy,True
"Taking care of yourself looks different for everyone, and you're the one to define it for yourself.",Emphasize Autonomy,True
The pace and direction of your journey towards change are entirely yours to control.,Emphasize Autonomy,True
You hold the ultimate power to choose your own goals and how you pursue them.,Emphasize Autonomy,True
How you respond to this challenge is entirely within your sphere of control.,Emphasize Autonomy,True
You have the agency to decide what practices best support your overall well-being.,Emphasize Autonomy,True
"Your financial decisions are ultimately yours to make, based on what's important to you.",Emphasize Autonomy,True
What you want your personal growth journey to look like is completely up to you.,Emphasize Autonomy,True
The decision to start or modify an exercise routine is completely within your power.,Emphasize Autonomy,True
You have the capacity to choose how you interpret and respond to these internal feelings.,Emphasize Autonomy,True
"This is your life, and you are the ultimate architect of your own path.",Emphasize Autonomy,True
The choice to make a change in your eating habits is entirely yours.,Emphasize Autonomy,True
"Ultimately, you're the one who decides what steps you're ready to take with your studies.",Emphasize Autonomy,True
Only you can truly determine what feels right for your relationship moving forward.,Emphasize Autonomy,True
Whether you choose to cut back on alcohol is a decision only you can make for yourself.,Emphasize Autonomy,True
You have complete freedom to choose how you want to approach your career path from here.,Emphasize Autonomy,True
No one can make you quit smoking; that power rests solely with you.,Emphasize Autonomy,True
"It's your life, and you get to decide which changes, if any, you want to implement.",Emphasize Autonomy,True
You are in the driver's seat when it comes to making decisions about your well-being.,Emphasize Autonomy,True
The control over how you engage with your daily routine belongs completely to you.,Emphasize Autonomy,True
"I can offer perspectives, but you are the expert on what will work for your family.",Emphasize Autonomy,True
You are free to choose the pace and direction of any shifts in your diet.,Emphasize Autonomy,True
It's up to you to weigh the options and decide what's best for your academic future.,Emphasize Autonomy,True
The power to change how you interact at work lies entirely in your hands.,Emphasize Autonomy,True
No one else can make the choice to manage your stress; that's yours alone.,Emphasize Autonomy,True
You hold the key to deciding if and when you're ready to adjust your smoking habits.,Emphasize Autonomy,True
What you choose to do about your drinking patterns is a personal decision for you.,Emphasize Autonomy,True
You have the ultimate say in how you want your relationships to evolve.,Emphasize Autonomy,True
The decision to pursue new opportunities is completely within your control.,Emphasize Autonomy,True
"It's your journey, and you set the course for your personal growth.",Emphasize Autonomy,True
You are empowered to choose what kind of efforts you want to put into your health.,Emphasize Autonomy,True
"Regarding your smoking, the ultimate decision about cutting back or quitting rests entirely with you.",Emphasize Autonomy,True
"You are the expert on your own learning, and you hold the power to choose how you approach your studies.",Emphasize Autonomy,True
"In your relationships, you get to decide how much energy you invest and what boundaries you set.",Emphasize Autonomy,True
No one can force you to change jobs; that's a choice only you can make for your career path.,Emphasize Autonomy,True
"When it comes to your diet, you are fully in charge of what food choices you put on your plate each day.",Emphasize Autonomy,True
Whether you decide to reduce your alcohol intake or not is completely up to you.,Emphasize Autonomy,True
"It's your life, and you have the absolute freedom to determine what steps you take next.",Emphasize Autonomy,True
"Ultimately, you are the one who decides what changes you want to make and when you want to make them.",Emphasize Autonomy,True
You hold the power to choose the direction you want your life to go in from this point forward.,Emphasize Autonomy,True
The decision to explore different ways of coping with stress is entirely yours to make.,Emphasize Autonomy,True
You're completely free to choose whether you want to engage with these strategies or find your own path.,Emphasize Autonomy,True
"This is your journey, and you are in the driver's seat for every step of it.",Emphasize Autonomy,True
You have the ultimate say in how you want to manage your health and well-being.,Emphasize Autonomy,True
It's your right to decide what feels right for you and what changes you're willing to consider.,Emphasize Autonomy,True
"You are the sole architect of your future, and you decide what you build.",Emphasize Autonomy,True
The choice to initiate that difficult conversation is entirely within your control.,Emphasize Autonomy,True
You are completely free to choose whether you want to follow through with that exercise plan or not.,Emphasize Autonomy,True
Only you can decide if and when you're ready to make a change in your daily routine.,Emphasize Autonomy,True
No one else can make this decision about your finances for you; it's truly yours to own.,Emphasize Autonomy,True
You have the autonomy to shape your schedule and prioritize what matters most to you.,Emphasize Autonomy,True
"Ultimately, whether you decide to try quitting smoking or not is entirely up to you.",Emphasize Autonomy,True
You know best what study method truly works for your learning style.,Emphasize Autonomy,True
The decision to address this with your partner or let it be is yours alone.,Emphasize Autonomy,True
"No one can force you to stay in a job that isn't fulfilling, you have options.",Emphasize Autonomy,True
Only you can choose what foods to put into your body each day.,Emphasize Autonomy,True
You're the one who ultimately decides if and when you drink.,Emphasize Autonomy,True
"Remember, you are the expert on your own life and what feels right.",Emphasize Autonomy,True
"It's your personal goal, so how you approach it is completely within your control.",Emphasize Autonomy,True
"Whether you choose to make a change now or later, that's your decision.",Emphasize Autonomy,True
"Setting boundaries with your family is your right, and your choice to implement.",Emphasize Autonomy,True
You have the power to steer your career in any direction you choose.,Emphasize Autonomy,True
What steps you take for your physical health are entirely at your discretion.,Emphasize Autonomy,True
Only you can decide which habits you want to cultivate or let go of.,Emphasize Autonomy,True
"It's your relationship, and you are free to define its terms.",Emphasize Autonomy,True
You get to choose how you respond to the stressors in your life.,Emphasize Autonomy,True
How much effort you put into learning this new skill is completely your call.,Emphasize Autonomy,True
Your lifestyle choices are ultimately yours to make and live with.,Emphasize Autonomy,True
"While I can offer support, the action itself must come from you.",Emphasize Autonomy,True
You are the one who decides how you interpret and react to situations.,Emphasize Autonomy,True
The path you forge for your future is exclusively yours to shape.,Emphasize Autonomy,True
"Ultimately, the decision to quit smoking or continue is entirely yours.",Emphasize Autonomy,True
"You are the expert on your own body, and you get to decide what you put into it.",Emphasize Autonomy,True
The choice of how you approach your studies and what you prioritize is always up to you.,Emphasize Autonomy,True
You have the right to choose who you want to be in your life and how those relationships function.,Emphasize Autonomy,True
"Whether you decide to drink less, more, or not at all, that's a choice only you can make.",Emphasize Autonomy,True
You're in the driver's seat when it comes to your career path and what feels fulfilling to you.,Emphasize Autonomy,True
No one can force you to be active; that motivation truly has to come from within you.,Emphasize Autonomy,True
You have the power to choose how you respond to stressful situations in your life.,Emphasize Autonomy,True
"This is your life, and you get to decide the direction you want it to go.",Emphasize Autonomy,True
The power to make changes rests entirely in your hands.,Emphasize Autonomy,True
You always have a choice in how you move forward from here.,Emphasize Autonomy,True
"What steps you take next, and at what pace, is completely your call.",Emphasize Autonomy,True
"It's your health journey, and you are the ultimate decision-maker for it.",Emphasize Autonomy,True
You're in charge of setting boundaries that feel right and protective for you.,Emphasize Autonomy,True
"How you choose to grow and evolve is a personal journey, directed by you.",Emphasize Autonomy,True
The lifestyle changes you consider making are yours to define and pursue.,Emphasize Autonomy,True
You get to decide what matters most to you and how you allocate your energy.,Emphasize Autonomy,True
"While you can't always control external events, you can choose your response.",Emphasize Autonomy,True
The choices you make regarding your finances are ultimately yours to navigate.,Emphasize Autonomy,True
Only you can truly determine what kind of self-care practices will serve you best.,Emphasize Autonomy,True
"Ultimately, whether you decide to make a change to your smoking habits is entirely up to you.",Emphasize Autonomy,True
Only you can determine what kind of dietary changes feel right and sustainable for your life.,Emphasize Autonomy,True
The choice to prioritize your studies and how you approach them rests solely with you.,Emphasize Autonomy,True
You get to decide what kind of boundaries you want to set in your relationships.,Emphasize Autonomy,True
No one else can make the decision about your career path; that's your call.,Emphasize Autonomy,True
It's your personal decision whether to continue drinking or to explore other options.,Emphasize Autonomy,True
"You are the expert on your own life, and the direction you take is yours to choose.",Emphasize Autonomy,True
How you choose to manage the stress in your life is entirely in your hands.,Emphasize Autonomy,True
Finding a fitness routine that works for you is a personal journey you lead.,Emphasize Autonomy,True
You have the power to define what a healthy relationship looks like for you.,Emphasize Autonomy,True
What steps you take next to achieve your goals is completely within your control.,Emphasize Autonomy,True
"Your body, your choices – you decide what's best for your health.",Emphasize Autonomy,True
You possess the ability to choose which habits you want to cultivate or change.,Emphasize Autonomy,True
The path your future takes is shaped by the decisions you make today.,Emphasize Autonomy,True
"You can choose to communicate your needs differently, if you wish.",Emphasize Autonomy,True
Prioritizing your own well-being is a choice you are free to make.,Emphasize Autonomy,True
Deciding what to learn and how deeply you engage with it is your prerogative.,Emphasize Autonomy,True
You ultimately determine how you manage your finances and what steps you take.,Emphasize Autonomy,True
The journey of personal growth is yours to define and navigate.,Emphasize Autonomy,True
Only you can decide how much time and energy you dedicate to your self-care.,Emphasize Autonomy,True
"Whether you decide to order a club soda tonight or stick with your usual drink is entirely your call, as you know your limits best.",Emphasize Autonomy,True
You are the only one who can decide which foods make your body feel truly nourished and energized throughout the day.,Emphasize Autonomy,True
"If you choose to walk away from this relationship or try to rebuild it, that is a choice only you can make for your own peace of mind.",Emphasize Autonomy,True
No one can force you to throw away that pack of cigarettes; the decision to take that step belongs completely to you.,Emphasize Autonomy,True
"You get to weigh the pros and cons of staying in this job versus starting your own business, and whatever you choose will be your path forward.",Emphasize Autonomy,True
"How you schedule your study hours this semester is your decision to make, depending on how much you want to prioritize your free time.",Emphasize Autonomy,True
You are in the driver's seat when it comes to deciding how much mental energy you want to invest in pleasing other people.,Emphasize Autonomy,True
"You can choose to lace up your running shoes tomorrow morning, or you can choose to rest, because you are the expert on what your body needs.",Emphasize Autonomy,True
"Ultimately, you are the one who has to live with the consequences of using, so you are the only one who can decide if the risk is still worth it.",Emphasize Autonomy,True
"Setting a boundary with your family might feel uncomfortable, but you are the only one who can decide where to draw that line.",Emphasize Autonomy,True
"I am here to share ideas with you, but you are the sole judge of which strategies actually fit into your daily life.",Emphasize Autonomy,True
How you manage your finances and where you choose to cut back is a personal decision that only you can direct.,Emphasize Autonomy,True
You have the absolute freedom to decide whether to take on this new project or to protect your weekends for your own well-being.,Emphasize Autonomy,True
"It is entirely up to you to determine what a healthy weight looks and feels like for your own body, regardless of what others expect.",Emphasize Autonomy,True
"You know your children better than anyone else, so the way you choose to discipline them is a decision only you can navigate.",Emphasize Autonomy,True
You get to decide how much of your evening you want to give away to your phone and when it is time to put it down.,Emphasize Autonomy,True
Whether you want to aim for an A in this course or just do enough to get by is a personal choice that rests in your hands.,Emphasize Autonomy,True
"Taking this medication is a choice that remains in your hands, and you are the one who gets to weigh the benefits against the side effects.",Emphasize Autonomy,True
"You are under no obligation to forgive them today, or ever, unless you decide that doing so serves your own healing.",Emphasize Autonomy,True
"At the end of the day, you are the author of your own story, and you get to write the next chapter exactly how you see fit.",Emphasize Autonomy,True
"Ultimately, you are the one who decides what goes on your plate and how you want to fuel your body.",Emphasize Autonomy,True
Whether you decide to put out that last cigarette today or keep smoking is entirely your call to make.,Emphasize Autonomy,True
You get to choose how much of yourself you want to invest in this relationship moving forward.,Emphasize Autonomy,True
It is completely up to you to determine if staying at this job is worth the toll it is taking on you.,Emphasize Autonomy,True
"I am here to support you, but you are the only one who can decide to take that first step toward cutting back on drinking.",Emphasize Autonomy,True
"You are the driver here, so you decide how much time you want to dedicate to your studies this semester.",Emphasize Autonomy,True
"The power to change your daily routine rests entirely in your hands, whenever you feel ready for it.",Emphasize Autonomy,True
"You know your body best, so you get to set the pace for how you want to approach your fitness goals.",Emphasize Autonomy,True
Only you can decide where to draw the boundary between your professional life and your personal peace.,Emphasize Autonomy,True
"You are the absolute expert on your own life, so you decide if quitting smoking fits into your plans right now.",Emphasize Autonomy,True
It is your choice whether you want to address this conflict with your partner or let it sit for a while.,Emphasize Autonomy,True
"You have the steering wheel in your hands, and you get to choose which direction we take this conversation.",Emphasize Autonomy,True
"If you decide that social drinking is still something you want to keep in your life, that is your decision to make.",Emphasize Autonomy,True
Only you can weigh the pros and cons and decide if pursuing this degree is the right path for your future.,Emphasize Autonomy,True
"You are the boss of your own lifestyle changes, and no one else can dictate how you manage your health.",Emphasize Autonomy,True
"We can explore many options here, but you are the one who chooses which tools actually work for you.",Emphasize Autonomy,True
You are in complete control of how you allocate your energy between your career and your family.,Emphasize Autonomy,True
It is entirely up to you to decide if this habit is still serving you or if it is time to let it go.,Emphasize Autonomy,True
"No one else can live your life for you, so you must decide what kind of people you want to surround yourself with.",Emphasize Autonomy,True
"You can choose to start this journey today, tomorrow, or not at all, as the choice belongs solely to you.",Emphasize Autonomy,True
"At the end of the day, you are the one who decides whether to light that cigarette or put it out, and no one else can make that choice for you.",Emphasize Autonomy,True
"It is entirely up to you to decide when you feel ready to change your eating habits, and you shouldn't let anyone else pressure you into it.",Emphasize Autonomy,True
"You have the absolute right to choose whether to have a drink tonight or to try something different, as you are the boss of your own recovery.",Emphasize Autonomy,True
"It’s your life and your relationship, so whether you decide to stay and work through it or walk away is completely your call.",Emphasize Autonomy,True
"You can choose to open those books tonight or take a break, because you are the one who knows what your mind and body need right now.",Emphasize Autonomy,True
"No one can force you to stay in a job that drains you, and only you can decide when the time is right to look for something new.",Emphasize Autonomy,True
"If you decide that smoking is still serving a purpose for you right now, then that is your choice to make, and I respect that.",Emphasize Autonomy,True
"You are in the driver's seat here, so if you want to keep drinking at your current pace or cut back, the steering wheel is in your hands.",Emphasize Autonomy,True
"Ultimately, you get to decide what you put into your body and how you treat it, regardless of what your family or friends think you should do.",Emphasize Autonomy,True
"No matter what advice people give you about your partner, you are the only one who has to live your life, so the final decision is yours.",Emphasize Autonomy,True
"You have the power to set boundaries at your workplace, and it is entirely up to you to decide how much of yourself you want to give to that company.",Emphasize Autonomy,True
"It is your future career on the line, so you get to decide how much effort you want to invest in this degree.",Emphasize Autonomy,True
"I can share information with you, but you are the expert on your own life, so you decide what fits and what doesn't.",Emphasize Autonomy,True
"You might choose to continue smoking because it helps you cope with stress, and that is a choice only you can make.",Emphasize Autonomy,True
You don't have to follow any strict diet plan unless you decide it actually works for your lifestyle and makes you feel good.,Emphasize Autonomy,True
"Even if everyone around you is drinking, you still hold the ultimate power to decide what goes into your cup.",Emphasize Autonomy,True
"If you decide that you aren't ready to leave this relationship yet, that is your prerogative and nobody else's business.",Emphasize Autonomy,True
"You are free to say no to extra projects at work if you feel it's too much, because protecting your mental health is your choice.",Emphasize Autonomy,True
"Whether you study for the exam today or decide to face the consequences of waiting, you are the one in control of your time.",Emphasize Autonomy,True
"No one else can live your life for you, which means every decision about your health and happiness starts and ends with you.",Emphasize Autonomy,True
"At the end of the day, whether you decide to pour that drink tonight or leave it on the shelf is entirely your call.",Emphasize Autonomy,True
"You cannot force him to understand your perspective, but you have absolute control over how much of your peace you want to sacrifice for this relationship.",Emphasize Autonomy,True
"I can share the health risks with you, but you are the only one who gets to decide if holding onto that cigarette is still worth it to you.",Emphasize Autonomy,True
"It is your body, so you get to decide which nutritional changes feel manageable and which ones you want to completely discard.",Emphasize Autonomy,True
"You are the author of your career path, and if staying in this stressful job feels like the right choice for now, that is a decision I will respect.",Emphasize Autonomy,True
"No one can force you to open those books, so it is really about deciding for yourself what kind of future you want to build with your study habits.",Emphasize Autonomy,True
The beauty of this process is that you do not have to change a single thing unless you truly want to.,Emphasize Autonomy,True
"You are under no obligation to fix your family's problems, and you have the right to choose how much distance you need to protect your own well-being.",Emphasize Autonomy,True
"Even when everyone around you is raising a glass, the choice of what goes into your body remains exclusively yours.",Emphasize Autonomy,True
"You get to set the boundaries that work for you, even if others might be disappointed by your decision to put yourself first.",Emphasize Autonomy,True
"If you decide that now is not the right time to quit smoking, that is your choice to make, and we will only focus on what you feel ready for.",Emphasize Autonomy,True
"You are in the driver's seat of your health journey, and you get to set the pace that feels safe and comfortable for you.",Emphasize Autonomy,True
Only you can decide where to draw the line between your professional obligations and your need for rest.,Emphasize Autonomy,True
"I am here to guide you, but you are the one holding the steering wheel and deciding which direction to take this recovery.",Emphasize Autonomy,True
"You are the ultimate expert on your own life, and no one else can truly know what is best for your future.",Emphasize Autonomy,True
Whether you choose to pursue this degree or take a completely different path is a decision that rests entirely in your hands.,Emphasize Autonomy,True
You have the power to decide who gets access to your energy and how much of yourself you are willing to give away to others.,Emphasize Autonomy,True
"I am not here to police what you eat, because you are the only one who can decide what relationship with food makes you feel healthy.",Emphasize Autonomy,True
It is your choice whether you want to push yourself through a workout today or simply give yourself permission to rest.,Emphasize Autonomy,True
"Whatever step you choose to take next, or even if you choose to stay exactly where you are, the decision is completely yours.",Emphasize Autonomy,True
It is entirely up to you whether you decide to pick up another cigarette or put the pack away for good.,Emphasize Autonomy,True
"You are the one in control of what goes on your plate, so you get to decide which nutritional goals actually fit your life.",Emphasize Autonomy,True
"Only you can determine if staying in this relationship is healthy for you, and I will support whatever choice you make.",Emphasize Autonomy,True
I cannot make you cut back on your drinking; that is a decision that rests solely in your hands.,Emphasize Autonomy,True
"How much effort you put into preparing for this exam is your call, and you get to weigh the pros and cons of how you use your time.",Emphasize Autonomy,True
You have the final say on whether you want to apply for that new job or stay in your current role where things are familiar.,Emphasize Autonomy,True
"Whether you want to make a change today, next month, or not at all is completely your choice.",Emphasize Autonomy,True
"You are the expert on your own life, so you decide how much boundaries you need to set with your family.",Emphasize Autonomy,True
"If you decide that waking up early to exercise is not realistic for you, we can look at other options or drop it entirely.",Emphasize Autonomy,True
"You are the driver in this process, and I am just here to help navigate; you choose the direction we go.",Emphasize Autonomy,True
"If you decide to go to the social event and have a drink, that is your choice, just as it is your choice to stay sober.",Emphasize Autonomy,True
"You get to decide how to prioritize your own well-being, even if people around you are pushing you to put their needs first.",Emphasize Autonomy,True
How you manage your heavy workload and set boundaries with your boss is entirely under your control.,Emphasize Autonomy,True
"It is your body and your health, so only you can determine if quitting smoking is worth the effort right now.",Emphasize Autonomy,True
"You have the power to choose how you respond to their messages, and you do not have to reply at all if you feel it is not best for you.",Emphasize Autonomy,True
"No one can force you to change your eating habits, so you have to decide if this lifestyle change is something you actually want.",Emphasize Autonomy,True
"You are free to decide how you want to manage your academic future, even if that means taking a break for a semester to recharge.",Emphasize Autonomy,True
"We can talk about whatever you feel ready to discuss today, as you are the one steering this therapy session.",Emphasize Autonomy,True
"Ultimately, you are the one who has to live with your career path, so you must decide what step feels right for you next.",Emphasize Autonomy,True
"You can choose to practice these new coping strategies we discussed, or you can decide they do not work for you and we can try something else.",Emphasize Autonomy,True
It is entirely your decision whether you pour that next drink or leave the bottle closed.,Emphasize Autonomy,True
"You hold the steering wheel of your career, and you get to decide if it is time to change lanes.",Emphasize Autonomy,True
"Nobody else lives in your skin, so you are the only one who gets to write the rules for your life.",Emphasize Autonomy,True
You have the power to decide who stays in your life and who no longer gets a front-row seat.,Emphasize Autonomy,True
I cannot make you quit smoking; that is a choice only you can make for your own lungs.,Emphasize Autonomy,True
"Your body belongs to you, and every single meal is a personal choice you get to make.",Emphasize Autonomy,True
Whether you open those books tonight or do something else is completely up to you.,Emphasize Autonomy,True
"You are the author of your next chapter, whether you want it to look like the last one or be completely different.",Emphasize Autonomy,True
"You get to choose how you want to handle this pain, and no one can force a solution on you.",Emphasize Autonomy,True
"You are in complete control of how you treat your body, starting with whether you walk out that door today.",Emphasize Autonomy,True
"If you decide to set a boundary with them, that is your right, and you don't need anyone's permission.",Emphasize Autonomy,True
You have the ultimate say on how much of yourself you give to that job before you say enough is enough.,Emphasize Autonomy,True
"The choice to step away from that lifestyle is waiting for you, but only when you decide you are ready.",Emphasize Autonomy,True
"You are free to fail, free to succeed, and entirely free to choose which one you are aiming for today.",Emphasize Autonomy,True
"Light up or throw the pack away; either way, you are the one making the call.",Emphasize Autonomy,True
"You get to decide what a healthy weight looks like for you, not the society around you.",Emphasize Autonomy,True
You are not obligated to live the life your parents planned for you if you want to build your own path.,Emphasize Autonomy,True
"If you want to drop this major and start over, that is a choice you are fully allowed to make.",Emphasize Autonomy,True
"Your sobriety is your own creation, and you get to decide how to build it day by day.",Emphasize Autonomy,True
You have the absolute freedom to make your own mistakes and learn from them on your own terms.,Emphasize Autonomy,True
Whether you decide to cut back on your drinking or keep things exactly as they are is entirely your call.,Emphasize Autonomy,True
You are the only one who can decide if today is the day to put out that last cigarette.,Emphasize Autonomy,True
"If you want to stop studying and take a break for a semester, that is a choice only you can make.",Emphasize Autonomy,True
It is completely up to you whether you want to give him another chance or walk away for good.,Emphasize Autonomy,True
"You are the expert on your own body, so you get to choose which foods make you feel best.",Emphasize Autonomy,True
"If you decide this job is too stressful, you are free to walk out the door tomorrow.",Emphasize Autonomy,True
We don't have to talk about your childhood today if you prefer to focus on something else.,Emphasize Autonomy,True
"You can try the medication for a week, or you can decide it is not for you and stop taking it.",Emphasize Autonomy,True
It is your call whether you want to start going to the gym or find another way to stay active.,Emphasize Autonomy,True
"You get to set the pace here, so let me know if you want to slow down or speed things up.",Emphasize Autonomy,True
"If you decide that smoking weed is still working for you, nobody can force you to quit.",Emphasize Autonomy,True
"You have the right to set boundaries with your mother, or to keep things as they are if that feels safer.",Emphasize Autonomy,True
"Ultimately, you are the one who decides how to spend your weekends, even if others are making demands on your time.",Emphasize Autonomy,True
"If you want to spend the whole weekend in bed recharging, that is your prerogative.",Emphasize Autonomy,True
"At the end of the day, how you spend your hard-earned money is your business.",Emphasize Autonomy,True
"You can choose to tell your boss how you really feel, or you can keep your thoughts to yourself.",Emphasize Autonomy,True
"You are the one driving this bus, so you get to decide which way we go in these sessions.",Emphasize Autonomy,True
It is entirely up to you how you react the next time your partner provokes you.,Emphasize Autonomy,True
"Even if everyone around you is pushing for you to change, the final decision rests solely with you.",Emphasize Autonomy,True
"You can delete the social media apps tonight, or you can keep scrolling; you are the one in control of your screen time.",Emphasize Autonomy,True
Whether you decide to cut back on your drinking or keep things exactly as they are is entirely up to you.,Emphasize Autonomy,True
You are the only one who can decide if staying at this stressful job is worth the toll it takes on your physical health.,Emphasize Autonomy,True
You have the ultimate power to set clear boundaries with your partner or to let things continue as they have been.,Emphasize Autonomy,True
"It is your body, so you get to choose which dietary changes feel manageable and which ones you want to skip.",Emphasize Autonomy,True
"You can choose to dedicate more time to your studies, or you can decide that other areas of your life need your attention right now.",Emphasize Autonomy,True
Nobody can force you to put out that cigarette; that choice is completely in your hands.,Emphasize Autonomy,True
"You are in the driver's seat here, and you get to decide the pace at which we move forward.",Emphasize Autonomy,True
"You can choose to forgive your family members, or you can choose to keep your distance to protect your own peace of mind.",Emphasize Autonomy,True
You have the right to decide how much energy you want to invest in this process and what goals we focus on.,Emphasize Autonomy,True
You get to determine whether incorporating daily exercise fits into your life right now or if it feels like too much of a burden.,Emphasize Autonomy,True
It is entirely your decision whether to accept this new professional responsibility or prioritize having more free time.,Emphasize Autonomy,True
"I am here to support you, but the decision to stop using substances is a choice that only you can make.",Emphasize Autonomy,True
"You are in control of your finances, and you get to decide which expenses are worth keeping and which ones to cut.",Emphasize Autonomy,True
"You can choose to delete those social media apps to reclaim your focus, or you can choose to keep using them.",Emphasize Autonomy,True
"When your coworker provokes you, you are the one who decides how to react, or whether to react at all.",Emphasize Autonomy,True
You get to decide if changing your nighttime routine is worth the daily effort it takes to get better sleep.,Emphasize Autonomy,True
"You have the freedom to say no to other people's demands, just as you have the freedom to agree to them.",Emphasize Autonomy,True
"Ultimately, you are the expert on your own life, so you decide whether pursuing this medical treatment is the right path for you.",Emphasize Autonomy,True
"You can choose to start working on your business plan today, or you can choose to wait until you feel more prepared.",Emphasize Autonomy,True
You have the absolute right to decide who gets to be a part of your life and who no longer deserves your time.,Emphasize Autonomy,True
Whether you decide to cut back on your drinking or keep things exactly as they are right now is entirely your call.,Emphasize Autonomy,True
No one else can force you to walk away from the bar; that choice rests completely in your hands.,Emphasize Autonomy,True
You are the only person who can decide if today is the day you put down the cigarettes for good.,Emphasize Autonomy,True
"I can offer tools, but you are the driver here, and you get to choose if and when you want to change your smoking habits.",Emphasize Autonomy,True
"You can't control how your partner reacts to your boundaries, but you have full authority over how you protect your own peace.",Emphasize Autonomy,True
It is up to you to decide who deserves a place in your life and how much energy you want to invest in this relationship.,Emphasize Autonomy,True
"You cannot change their behavior, but you hold the power to decide how much of it you are willing to tolerate.",Emphasize Autonomy,True
Only you can weigh the pros and cons of staying at your current job versus taking the leap into a new career path.,Emphasize Autonomy,True
"You are the author of your career, and you get to decide if this workplace environment still serves your personal growth.",Emphasize Autonomy,True
"What you choose to put on your plate tonight is a decision that belongs solely to you, free of anyone else's judgment.",Emphasize Autonomy,True
"You are in complete control of your body, and only you can decide what kind of relationship you want to have with food.",Emphasize Autonomy,True
"You get to set the pace for your physical health goals, whether that means starting tomorrow or taking a step back to re-evaluate.",Emphasize Autonomy,True
"Ultimately, you are the one who has to sit down and do the studying, so you get to decide how to manage your time and energy.",Emphasize Autonomy,True
You have the ultimate say on whether continuing your education is worth the sacrifices you are currently making.,Emphasize Autonomy,True
"My role is just to help you explore your options, but the final decision of which path to take is entirely yours to make.",Emphasize Autonomy,True
"You have the ultimate veto power over any suggestion made in this room, as you are the expert on your own life.",Emphasize Autonomy,True
You are free to walk out of here and change absolutely nothing about your routine if that is what feels right to you.,Emphasize Autonomy,True
"It is your life to live, and you are the one who gets to define what success and happiness look like for you.",Emphasize Autonomy,True
"No matter what advice others give you, you are the one who has to live with the consequences of your choices, so the decision must be yours.",Emphasize Autonomy,True
"You can choose to accept things as they are, or you can take active steps to change them; either way, the power is yours.",Emphasize Autonomy,True
"At the end of the day, you are the one who decides what goes on your plate and how you want to fuel your body.",Emphasize Autonomy,True
Whether you choose to cut back on your drinking or keep things exactly as they are right now is entirely your call.,Emphasize Autonomy,True
"You are the driver here, so if you feel like pausing your studies to catch your breath, that is a choice only you can make.",Emphasize Autonomy,True
"It is your health and your life, so whether you decide to throw away that pack of cigarettes today or keep them is completely up to you.",Emphasize Autonomy,True
"You know your relationship better than anyone else, and only you can determine if staying or walking away is the right path for you.",Emphasize Autonomy,True
"I can share some strategies for managing work stress, but you are the expert on what actually fits into your daily routine.",Emphasize Autonomy,True
"No one can force you to make a change before you feel ready, and you get to decide when, or even if, that moment comes.",Emphasize Autonomy,True
"If trying this new meal plan feels like too much pressure right now, you have every right to put it on hold.",Emphasize Autonomy,True
"You are the only one who can weigh the pros and cons of your drinking habits and decide what steps, if any, you want to take next.",Emphasize Autonomy,True
Whether you want to push for that promotion or stay in your current role where you feel comfortable is a decision only you can make.,Emphasize Autonomy,True
"How you choose to set boundaries with your family is entirely under your control, and I will support whatever boundary you decide to set.",Emphasize Autonomy,True
"You are in complete control of how you manage your study time, and if you decide you need a break today, that is your prerogative.",Emphasize Autonomy,True
"I am here to support you, but I cannot make you quit smoking; that power lies entirely within your own hands.",Emphasize Autonomy,True
You have the ultimate veto power over any suggestion we discuss in this room.,Emphasize Autonomy,True
How you choose to manage your own stress levels when things get overwhelming is a personal decision that only you can navigate.,Emphasize Autonomy,True
"If going to the gym does not feel right for you right now, you get to decide what other ways, if any, you want to move your body.",Emphasize Autonomy,True
"You are the author of your own story, so you get to decide who gets to be a part of your life and who does not.",Emphasize Autonomy,True
"When you are out with friends, you are the one in control of your glass, and only you can decide when you have had enough.",Emphasize Autonomy,True
"It is your career, and if you decide that staying in this job is what works best for you right now, that is completely your choice to make.",Emphasize Autonomy,True
"You know your own limits and your own strengths, so you are the best person to decide how fast or slow you want to take this process.",Emphasize Autonomy,True
Whether you decide to cut back on your drinking or keep things as they are is entirely your call.,Emphasize Autonomy,True
You get to decide which foods actually fuel your body and make you feel good.,Emphasize Autonomy,True
Nobody can force you to put down that cigarette; the decision to quit belongs solely to you.,Emphasize Autonomy,True
You are the one who chooses who gets to be in your inner circle and how they treat you.,Emphasize Autonomy,True
"It is your future on the line, so you are the one who determines how much effort to put into your studies.",Emphasize Autonomy,True
Only you can decide if this job is worth the stress it is causing you.,Emphasize Autonomy,True
"You are the author of your own story, and you get to write the next chapter however you see fit.",Emphasize Autonomy,True
"If you want to keep drinking, that is your choice, and I am here to support you regardless of what you decide.",Emphasize Autonomy,True
"It is your body, and you have the absolute right to decide how you want to care for it.",Emphasize Autonomy,True
You have the power to walk away from any relationship that no longer serves your growth.,Emphasize Autonomy,True
"You get to define what success looks like for you, not your boss or your family.",Emphasize Autonomy,True
"I can share the facts with you, but you are the only one who can make the choice to stop smoking.",Emphasize Autonomy,True
You are in the driver's seat when it comes to managing your time and your academic goals.,Emphasize Autonomy,True
"No one else can live your life for you, so make the choices that feel right in your own heart.",Emphasize Autonomy,True
"We can explore options together, but the pace of this therapy is completely up to you.",Emphasize Autonomy,True
"When you are out with your friends, you are the one who decides whether to hold a glass or not.",Emphasize Autonomy,True
You are free to stay in this comfortable role or take the leap into a new career path whenever you feel ready.,Emphasize Autonomy,True
You are the ultimate expert on your own body and what it needs to feel healthy.,Emphasize Autonomy,True
"It is your boundary to set, and you get to decide how close you want to let them get.",Emphasize Autonomy,True
"You have the final say on what changes, if anything, you want to make in your life today.",Emphasize Autonomy,True
"At the end of the day, whether you decide to pour that drink or put it away is entirely your call.",Emphasize Autonomy,True
"You are the driver here, so you get to decide if this job is worth the stress or if it is time to move on.",Emphasize Autonomy,True
Nobody can force you to throw away that pack of cigarettes; that is a choice only you can make for yourself.,Emphasize Autonomy,True
"It is your body, and you are the one who decides what goes into it and how you want to take care of it.",Emphasize Autonomy,True
"You can't change how your partner reacts, but you have absolute control over how you choose to respond to them.",Emphasize Autonomy,True
"Whether you study tonight or take the night off is completely up to you, as you are the one who will live with the outcome.",Emphasize Autonomy,True
"I am here to guide you, but you are the expert on your own life and you hold the steering wheel.",Emphasize Autonomy,True
"If you decide that moderation is what you want to try first, that is your decision to make, not mine.",Emphasize Autonomy,True
"You get to set the boundaries in this friendship, and only you know where that line needs to be drawn.",Emphasize Autonomy,True
"You can choose to accept this heavy workload, or you can choose to say no; the power is in your hands.",Emphasize Autonomy,True
"If you are not ready to quit smoking today, that is okay, because you are the one who determines the timeline.",Emphasize Autonomy,True
"No doctor or trainer can make these lifestyle changes for you, it is your personal choice to take the first step.",Emphasize Autonomy,True
You have the ultimate say on whether pursuing this degree is truly worth your time and energy.,Emphasize Autonomy,True
It is completely your decision whether to give them another chance or to walk away for your own peace of mind.,Emphasize Autonomy,True
My opinion doesn't matter nearly as much as your own judgment about what is best for your future.,Emphasize Autonomy,True
"You can choose to keep things exactly as they are, or you can choose to change them; either way, the choice is yours.",Emphasize Autonomy,True
How you manage your time and where you direct your energy at the office is something only you can control.,Emphasize Autonomy,True
"You are the boss of your own recovery and your own nutrition, so you decide what pace feels right.",Emphasize Autonomy,True
"Even if everyone around you is pressuring you to quit, you are the only one who can actually make that commitment.",Emphasize Autonomy,True
"You know your mind better than anyone else, so you get to choose which strategies you want to try.",Emphasize Autonomy,True
Whether you decide to cut back on your drinking or keep things exactly as they are right now is entirely your call.,Emphasize Autonomy,True
You are the only one who can weigh the pros and cons of staying at this job versus taking the leap to start your own business.,Emphasize Autonomy,True
"I could give you a dozen reasons to quit smoking, but honestly, none of them matter unless you decide you want to make a change.",Emphasize Autonomy,True
"It is your body, and you get to choose which dietary changes feel manageable for you, if any at all.",Emphasize Autonomy,True
"No one else can live your life for you, so the decision to stay in this relationship or walk away belongs solely to you.",Emphasize Autonomy,True
"You can choose to put the effort into studying for this exam, or you can decide it's not a priority for you right now.",Emphasize Autonomy,True
"I am here to support you, but you are the boss when it comes to deciding how active you want to be.",Emphasize Autonomy,True
"Ultimately, you are the one who decides whether to take this medication, regardless of what the doctors suggest.",Emphasize Autonomy,True
"I can share some strategies with you, but you are the expert on your own life and you know what will work best for you.",Emphasize Autonomy,True
"If you feel like you aren't ready to give up gambling yet, that is your choice and I respect your right to make it.",Emphasize Autonomy,True
You are in control of how much boundary you want to set with your parents; no one can force you to speak to them if you don't want to.,Emphasize Autonomy,True
It is completely up to you to determine if cannabis is helping you cope or if it is getting in the way of your goals.,Emphasize Autonomy,True
You get to decide if getting more sleep is worth making changes to your evening routine.,Emphasize Autonomy,True
"At the end of the day, you are the one who has to live with your budget, so you get to decide where your money goes.",Emphasize Autonomy,True
"How you choose to react when you get angry is entirely in your hands, even when it feels like others are pushing your buttons.",Emphasize Autonomy,True
You have the ultimate power to decide when to put your phone down and how you want to spend your free time.,Emphasize Autonomy,True
"You are the driver here, and you can choose to pace yourself or push through the pain based on what your body is telling you.",Emphasize Autonomy,True
Only you can decide how to balance your coursework with your social life to find what feels right for you.,Emphasize Autonomy,True
"It is your future on the line, so you get to write the next chapter of your career exactly how you see fit.",Emphasize Autonomy,True
"I cannot make this choice for you, and honestly, I wouldn't want to because you are the one who has to live with the outcome.",Emphasize Autonomy,True
"Ultimately, you are the one who decides what goes on your plate.",Emphasize Autonomy,True
Whether you choose to pick up another cigarette or not is entirely your call.,Emphasize Autonomy,True
It is completely your decision to make regarding how much you want to drink tonight.,Emphasize Autonomy,True
"You are the boss of your career, and you get to decide if this job is still right for you.",Emphasize Autonomy,True
Only you can determine if staying in this relationship is the healthiest path for you.,Emphasize Autonomy,True
How much effort you put into studying this semester is really up to you.,Emphasize Autonomy,True
"You are the expert on your own life, so you get to choose the direction we take here.",Emphasize Autonomy,True
"You know your body best, and you have the final say on any changes to your diet.",Emphasize Autonomy,True
"I am here to support you, but the choice to cut back on drinking is yours alone.",Emphasize Autonomy,True
"It is your life, and you get to decide how you want to handle these family dynamics.",Emphasize Autonomy,True
"If you want to keep your work habits exactly as they are right now, that is your choice to make.",Emphasize Autonomy,True
"You have the power to decide when, or even if, you want to start a workout routine.",Emphasize Autonomy,True
"I can offer some ideas, but only you can decide what actually fits your lifestyle.",Emphasize Autonomy,True
"Stopping smoking is a deeply personal decision, and no one can force you into it.",Emphasize Autonomy,True
It is entirely up to you how you want to manage your study schedule this week.,Emphasize Autonomy,True
You have full control over how you want to handle your career path going forward.,Emphasize Autonomy,True
We can talk about this as much or as little as you want; you are in control of our sessions.,Emphasize Autonomy,True
"You get to write the next chapter of your recovery, whatever that looks like to you.",Emphasize Autonomy,True
You are in the driver's seat when it comes to making changes to your physical health.,Emphasize Autonomy,True
Nobody else can make the decision to set those boundaries with your partner but you.,Emphasize Autonomy,True
"Ultimately, the choice to have a drink tonight or stay sober is entirely your own.",Emphasize Autonomy,True
"Only you can decide what foods make your body feel best, and nobody else can make that choice for you.",Emphasize Autonomy,True
You are the one in the driver's seat when it comes to deciding if now is the right time to quit smoking.,Emphasize Autonomy,True
Whether you stay in this stressful job or look for something new is a decision only you can make.,Emphasize Autonomy,True
You have the power to decide how much of your energy you want to invest in this relationship.,Emphasize Autonomy,True
It is completely your call how much time you want to devote to studying for this exam.,Emphasize Autonomy,True
"I am here to support you, but you are the one who decides what your limits will be.",Emphasize Autonomy,True
"You get to decide what steps, if any, you are ready to take next.",Emphasize Autonomy,True
Nobody can force you to throw away that pack of cigarettes; that is a decision that rests solely with you.,Emphasize Autonomy,True
How you choose to respond to your partner's anger is entirely under your control.,Emphasize Autonomy,True
"You can choose to start this assignment today, or you can decide to wait, depending on what works best for you.",Emphasize Autonomy,True
You are the only one who can set the boundary between your work hours and your personal life.,Emphasize Autonomy,True
If and when you want to change your eating habits is a decision that belongs entirely to you.,Emphasize Autonomy,True
Only you can weigh the pros and cons and decide which path makes the most sense for your life.,Emphasize Autonomy,True
You have the ultimate say in how you want to write the next chapter of your life.,Emphasize Autonomy,True
You are in complete control of how you prioritize your own mental well-being today.,Emphasize Autonomy,True
Whether you forgive them or choose to walk away is a personal choice that only you can make.,Emphasize Autonomy,True
You get to decide which job offers are worth your time and which ones don't align with your goals.,Emphasize Autonomy,True
"It is your life, and you are the one who gets to decide what role alcohol plays in it.",Emphasize Autonomy,True
"You get to decide how to handle your cravings, because you know yourself better than anyone else does.",Emphasize Autonomy,True
"At the end of the day, you are the one who decides whether to pour that glass or leave it on the counter.",Emphasize Autonomy,True
You get to decide who deserves a place in your life and how much of your energy they receive.,Emphasize Autonomy,True
No nutrition plan can be forced on you; you are the one who chooses what fuels your body.,Emphasize Autonomy,True
Whether you decide to throw away the pack today or keep it in your pocket is entirely your call.,Emphasize Autonomy,True
"You are the author of your career path, and you get to decide if this job still fits the story you want to write.",Emphasize Autonomy,True
"How you manage your study hours is your decision, and you are in the driver's seat of your education.",Emphasize Autonomy,True
"I am here to guide you, but you hold the keys and decide which direction we actually drive.",Emphasize Autonomy,True
"You cannot control what others do, but you have absolute ownership over how you choose to respond.",Emphasize Autonomy,True
"Setting this boundary is a personal choice, and only you can determine when you are ready to enforce it.",Emphasize Autonomy,True
"Your physical health journey belongs to you, and you get to set the pace that feels right for your life.",Emphasize Autonomy,True
"If you decide that social drinking still has a place in your life, that is a choice only you can make.",Emphasize Autonomy,True
You have the ultimate say on whether to take the leap into a new career or stay where you feel safe.,Emphasize Autonomy,True
"No one can force you to change, and if you choose to keep things exactly as they are, that is your right.",Emphasize Autonomy,True
"It is your future on the line, so you get to decide how much effort you want to invest in this exam.",Emphasize Autonomy,True
"You know your relationship with smoking better than anyone, and only you can decide when it is time to say goodbye to it.",Emphasize Autonomy,True
"You get to define what a healthy body looks like for you, free from anyone else's expectations.",Emphasize Autonomy,True
How much distance you put between yourself and your family is a decision that rests solely in your hands.,Emphasize Autonomy,True
"You are the manager of your own time, and you get to choose where to draw the line between work and your personal life.",Emphasize Autonomy,True
"Remember that you are the captain of your own ship, and you decide which harbor to steer toward.",Emphasize Autonomy,True
"We can explore all the options together, but the final decision on which path to take is entirely yours.",Emphasize Autonomy,True
It is entirely your decision whether you want to cut back on your drinking or keep things as they are right now.,Emphasize Autonomy,True
You are the only one who can determine what boundaries feel safe and healthy for you in this relationship.,Emphasize Autonomy,True
Whether you choose to stay at this job or look for a new career path is completely up to you.,Emphasize Autonomy,True
"You get to decide if today is the day you throw away the pack, or if you need more time to prepare.",Emphasize Autonomy,True
"It is your body, so you are the one who gets to choose which dietary changes, if any, you want to try.",Emphasize Autonomy,True
How much effort you put into studying this semester is a choice that only you can make for yourself.,Emphasize Autonomy,True
"We can talk about these habits, but ultimately, you are in the driver's seat when it comes to making any change.",Emphasize Autonomy,True
"You are the expert on your own life, so you decide how much space you want to give your family right now.",Emphasize Autonomy,True
"I can offer some suggestions, but you are the only one who knows what will actually work in your daily routine.",Emphasize Autonomy,True
"You get to decide how to manage your stress, whether that means taking a break or pushing through.",Emphasize Autonomy,True
It is entirely up to you to determine if the time you spend online is helping or hurting your goals.,Emphasize Autonomy,True
Only you can weigh the pros and cons and decide if staying in this partnership is the right path for you.,Emphasize Autonomy,True
No one can force you to stay sober; that is a commitment that has to come from you when you are ready.,Emphasize Autonomy,True
You have the ultimate control over how you structure your day and where you invest your energy.,Emphasize Autonomy,True
"You are the author of your own story, so you get to write the next chapter on your own terms.",Emphasize Autonomy,True
"If you decide that losing weight isn't your priority right now, that is a perfectly valid choice for you to make.",Emphasize Autonomy,True
You get to choose who you let into your inner circle and how much of yourself you share with them.,Emphasize Autonomy,True
"It is your future on the line, so you are the one who decides which job offer feels right to accept.",Emphasize Autonomy,True
"Even if everyone else wants you to quit smoking, the choice remains one hundred percent yours.",Emphasize Autonomy,True
"You know yourself better than anyone else, so you are the best person to decide what step to take next.",Emphasize Autonomy,True
"At the end of the day, whether you decide to pour that drink tonight is entirely in your hands.",Emphasize Autonomy,True
You are the only one who can weigh the pros and cons of staying in this job versus starting your own business.,Emphasize Autonomy,True
It is completely up to you to decide how much space you want to give your partner to sort out their own issues.,Emphasize Autonomy,True
"I can share some strategies with you, but you are the only one who knows if now is the right time to quit smoking.",Emphasize Autonomy,True
You get to decide what health goals make sense for your body and your lifestyle right now.,Emphasize Autonomy,True
Choosing whether to finish this degree or take a gap year is a decision only you can make.,Emphasize Autonomy,True
How we spend our time in these sessions is completely guided by what you feel ready to tackle.,Emphasize Autonomy,True
You have the ultimate say on how much contact you want to maintain with your family members.,Emphasize Autonomy,True
"No one else can force you to go to the gym, so it has to be a choice that feels right for you.",Emphasize Autonomy,True
"You are the expert on your own body, and deciding to start this medication is 100% your choice.",Emphasize Autonomy,True
You are in the driver's seat when it comes to deciding how to budget and manage your savings.,Emphasize Autonomy,True
You have the absolute freedom to walk away from this career path if it no longer serves your well-being.,Emphasize Autonomy,True
"Whether you choose to drink at the party this weekend is entirely your call, regardless of what your friends do.",Emphasize Autonomy,True
Only you can set the boundaries around your work hours to prevent yourself from burning out.,Emphasize Autonomy,True
You get to determine if seeking closure with your ex is worth the emotional energy it might take.,Emphasize Autonomy,True
It is your decision whether to adopt a new meal plan or stick with your current eating habits.,Emphasize Autonomy,True
You are in complete control of how many social engagements you want to agree to this month.,Emphasize Autonomy,True
"I am here to support you, but the choice of whether to cut back on smoking weed remains entirely yours.",Emphasize Autonomy,True
How you choose to nurture your own mental health is a personal decision that only you can make.,Emphasize Autonomy,True
You get to decide which coping strategies you want to try out and which ones just don't fit your life.,Emphasize Autonomy,True
"Ultimately, the decision about how to proceed with your smoking habit rests entirely with you.",Emphasize Autonomy,True
"Your journey to quit drinking is your own, and you are the one in the driver's seat.",Emphasize Autonomy,True
Whether you choose to pursue that promotion or stay in your current role is a choice only you can make.,Emphasize Autonomy,True
"The path you take with your studies, and the effort you put in, is entirely up to your discretion.",Emphasize Autonomy,True
You have the power to decide if and how you want to change your eating habits.,Emphasize Autonomy,True
"Ultimately, how you want to navigate this relationship is a decision that lies solely with you.",Emphasize Autonomy,True
The control over whether you set those boundaries in your friendships is yours alone.,Emphasize Autonomy,True
You get to define what success looks like for yourself in your career.,Emphasize Autonomy,True
The choice to continue with this exercise routine or to modify it is entirely in your hands.,Emphasize Autonomy,True
Only you can determine the right pace and approach for your personal growth.,Emphasize Autonomy,True
The power to decide whether to engage with that difficult conversation is yours.,Emphasize Autonomy,True
It's your prerogative to explore different strategies for managing your stress.,Emphasize Autonomy,True
You are the expert on your own body and what feels right for your diet.,Emphasize Autonomy,True
The autonomy to choose how you want to express your feelings is fundamental.,Emphasize Autonomy,True
"Ultimately, the responsibility for your well-being is yours to embrace.",Emphasize Autonomy,True
You have the freedom to decide which of these suggestions resonates most with you.,Emphasize Autonomy,True
The final say on whether to pursue this new hobby is absolutely yours.,Emphasize Autonomy,True
You hold the reins when it comes to deciding how to spend your free time.,Emphasize Autonomy,True
The choice to communicate your needs in this situation is entirely within your power.,Emphasize Autonomy,True
"Ultimately, the direction you steer your life is a journey you command.",Emphasize Autonomy,True
